name, genre
B001EBWIRC, null
B00004RR8Z, null
B0000844IT, null
B000071ZZI, null
B0045HCJ9E, null
6301777867, null
B00006FMGE, null
B00004CXZS, null
B004XQO90E, null
B00008T5OK, null
B003IWZ1D8, null
B001QH32CE, null
B000CCW2TI, null
B00003CXSP, null
B00006AG59, null
B000ASDG0I, null
B00008S2SF, null
B000065K6J, null
B000B7TLTI, null
B00004CIPK, null
B000YHBEPO, null
B000FGGE6I, null
B00004CSD8, null
B001TAFCBC, null
B000JCK3ZG, null
B00004CXL8, null
B000065R0C, null
B000TJBN80, null
B0083SJFZ2, null
B002YJHE36, null
B000056BRF, null
B000BNXDBO, null
B00008EY9G, null
B00067ISBU, null
B0007Y08II, null
B000QE9ERU, null
B00005NE1W, null
B00000J2KS, null
B000BTJDGC, null
B008XPG6DY, null
B000USU9FI, null
B00024JC2Q, null
B000094P2X, null
B000JUB7LM, null
B00004UF14, null
B001KSLG40, null
B00004ZBGE, null
B00298G6WW, null
B000GOUMPI, null
B000FKO0Q0, null
B000069HPL, null
B002T9H2MO, null
B002OSHN88, null
B000MQ54OO, null
B00005V9IJ, null
B0007QS21Q, null
B006OAXL92, null
079074404X, null
B00158K0S8, null
B00008K76X, null
B0002NIAZW, null
B00005JPA6, null
B001IAME78, null
B0011TMOIK, null
B000KI79YW, null
B0000C24IJ, null
B00005JMUK, null
B000ZLJOW4, null
6304539258, null
B000I66JQA, null
B000T4349G, null
B000A6T29O, null
B005ZMUXDC, null
B001RALGBO, null
B00006FMGI, null
B00000F8CT, null
B000K2UVZM, null
B000KC86F4, null
B000OLV97I, null
B0001EYTK2, null
B005V5HWAA, null
B00004WHSH, null
B000IMM3XW, null
B000FFL2RA, null
6305576173, null
B00004T8G1, null
B000USU9E4, null
B008Q08008, null
B000050YLX, null
B000I9YWMA, null
B000PAAJVA, null
B000GTLQXU, null
B00005NE15, null
B0055X0DJ0, null
B0012GE91W, null
B00004CJ2O, null
B00004VXS5, null
B001BTZVFI, null
B000HIVOIM, null
B000056IFT, null
B000V1Z8KK, null
B002OSA3MQ, null
0784011923, null
B00004R99M, null
B00004XPQ6, null
B001Q94TQ0, null
B00003CXR4, null
B004ZG5F3M, null
6305949972, null
B005T3AX6E, null
B00004XPQM, null
B001KEHAH6, null
B0002ABUP2, null
B004ZJZQGA, null
B0017ZUOEE, null
B00005RDPT, null
B000NOK0GM, null
B000I0FB1U, null
B006H90TLI, null
B000P0J0EM, null
B00006FMFZ, null
B000XQ0QW8, null
B00004WIBW, null
B001JI7WTO, null
B000I3PERS, null
6303953425, null
6303566669, null
B007A4Y1NQ, null
B0028OA3EO, null
B001EH7H7W, null
B000I2JKEM, null
B000M9BPEY, null
B0007NE5U6, null
B0016OLC5Q, null
B0000DK4QK, null
B001LGXIQ0, null
B0010HLGZA, null
B0001ZWN1S, null
B001KEHAI0, null
B0001G6PZC, null
B000957O82, null
B00005UQZ5, null
B001EDVNLM, null
B0000DK4QJ, null
B0002ABUOI, null
B003Y5H5HE, null
B00267N3DQ, null
B0041JJ4SK, null
B000R209NY, null
B00005K3NR, null
B000I9S5U0, null
B007XF4J70, null
B00005JMYI, null
B0011EBDE6, null
B00004WIBV, null
B00008X5J5, null
B00003CXFG, null
B0027WNRVI, null
B000I9S5UK, null
B007XF4J66, null
B000YAF4MA, null
B000H5TVKS, null
0780625633, null
0790701251, null
B001RU311W, null
B003OEKOFK, null
B00005BK3M, null
B000Q79HTC, null
B00147F8Z0, null
B000AMWIVM, null
B002R1W5VW, null
B0026JI1SG, null
B000UR9T7I, null
B000069AT8, null
B00004XPQ7, null
B00005JL78, null
B001GCUO5M, null
B00005K3OT, null
B00005B238, null
B006CUZ8S6, null
B001KEN3K4, null
B0001HK21Y, null
B001VPJZN6, null
B000RLFBP6, null
B00004R6C5, null
B000YENUI6, null
B001L57ZZ6, null
B000N6U0DS, null
B000053V0P, null
B00449DHN0, null
0790738147, null
B001F7MSFM, null
B001KZG99A, null
B000GW8VSU, null
B000I55YQM, null
B0019IIPZO, null
B000J103OI, null
B003Y5USF0, null
B001VPJZ6S, null
B000JSI7AI, null
B002P93VGO, null
B00003CWPR, null
B0007OCG4W, null
B0087ZG7KM, null
B005OV0PS2, null
B0000524CY, null
B0006HBU2E, null
B005721W9O, null
B000053VAF, null
B000CD9U4M, null
B001JIAK66, null
B00005JL8F, null
B0001O3YCG, null
B0006Z2KOI, null
B005WGNKSG, null
B004SIP6BI, null
B004EPYZQ2, null
B003KV3E36, null
B000JLTR90, null
B00006LLJ4, null
B00005V9IK, null
B0054OGQM8, null
B0065AVS0K, null
0783235208, null
B0047BXRB2, null
0780622553, null
B00190KZUU, null
B004V4RV1M, null
B002RILM00, null
B004IK30S2, null
B00005PJ8I, null
B002RVCD0U, null
B000KX0ISG, null
B000ARTN42, null
B00004RNRS, null
B00006DEF9, null
B00004SH4M, null
B00004VYLS, null
B00005JLWN, null
B0009PLLO0, null
B000FVQLQQ, null
6303109950, null
B001BR5NN0, null
B00005JMFQ, null
B001GJ7E9E, null
B000056BRG, null
B004SKLD9A, null
B0002CHK1S, null
B0059XTUVI, null
B000BDH6BM, null
B000VDDWEM, null
B00005MP77, null
B001EBWIV8, null
B003IGKDMI, null
B00012FXB8, null
B000E5KJHA, null
B0009G3B0G, null
B00000JKSV, null
B002UOMGVU, null
B001EC2IT4, null
B00064YTMU, null
B000IOM0X8, null
B007N31XJY, null
B000J1AGQI, null
B00004CXZR, null
B004499LX0, null
630024203X, null
B00004CZRQ, null
B00004R6NR, null
B008V5UQZK, null
B0000D0XZ4, null
B005LAIIS0, null
B0000A5BTG, null
B003VMZPFO, null
6304946597, null
B004XQO90O, null
B00003CXFU, null
B0001L3MI0, null
B002ZG9846, null
B003UESJLK, null
B000MQC9H4, null
B000W11SI0, null
B00008FEEF, null
B001ER4CSO, null
B000GT4H0Y, null
B00005JPAR, null
B000I9YUVS, null
B0011E5D2Y, null
B00004CIQG, null
B000B7QAHO, null
B000MXJ7LS, null
B0068FZ1AU, null
0800141709, null
B000957O7S, null
B000FGGE68, null
B00008WJET, null
B000JF9PSO, null
B0013ND36G, null
1558908242, null
B0083SJFZC, null
B00005T30L, null
B008WDRWZS, null
B0008KLW4A, null
B000227EO6, null
6305841861, null
B0007Y08I8, null
B001FB55HQ, null
B00005TNYU, null
B002SEQ8ZM, null
B001M9ELP8, null
6304056818, null
B0007UVTAS, null
B00004VYPF, null
B000RJO58M, null
B00005LKLB, null
B000063W1I, null
B00004S5QI, null
B00005JKEC, null
B000EBGE64, null
B0006IIPIK, null
B00004RLX9, null
B000SVZIS0, null
B007NRBMZU, null
B002T9H2ME, null
B00005IAY3, null
B006RXQ1L6, null
B000YH6YG8, null
B00003CXS4, null
B000HCO840, null
6304198493, null
B000065JDX, null
B00004CSN0, null
B000JJSJRS, null
B000QGDYZQ, null
B000OVLBEO, null
B0002XK19A, null
B00005B6NC, null
0790729989, null
B00005B6N8, null
B001BJ6918, null
B000EZ7ZZE, null
B001LX50I2, null
B000ARTMWU, null
B005IZLPMY, null
B00005U8EM, null
B001GL4KI0, null
B007FH9GA6, null
B00005K3LU, null
B002KGREJC, null
6300267938, null
B00000F6B7, null
B004SIP9B0, null
B000Q79HS8, null
B004UXUX7S, null
080017948X, null
B003WTO61A, null
B006RXQ6FM, null
B00139YA4O, null
B001UV4XEW, null
B00020JQ76, null
B00005ALRP, null
6303201962, null
B0016JODPW, null
B00004RYT2, null
B000EGDAIY, null
B00004RLX5, null
B0017R3WQE, null
6304973179, null
B00004ZBGC, null
B000I9YWDO, null
B002ZG97XS, null
B004RE29T0, null
B00005MHNS, null
B001NLF2ZI, null
B001BPQT8A, null
B000127M62, null
B000K7UG3O, null
5555672322, null
630450862X, null
6301208773, null
B0001XQE7O, null
B00018U9FW, null
B000LC55F2, null
B00004VY16, null
B001R6G34I, null
B003E48AYC, null
B00867GKIK, null
B000I9X6UO, null
B002ZHKZCY, null
B003Y5H5HO, null
B000MXPE7O, null
B002YJMMBA, null
B0007P0Y7C, null
B0000DJF2S, null
B003PAXONC, null
B00005Y6Y2, null
B001MYIXAW, null
B00008G8LR, null
B00004CXVW, null
B000M8X200, null
B0001DI0FI, null
B00004Z4RS, null
B00006FMGW, null
B003XM7K8W, null
630394518X, null
B007K2M3N8, null
B0087ZG7TS, null
B0000VAFO0, null
B00005PJ8O, null
B000O76T7M, null
B000068U03, null
B00004CYAE, null
B004499LWQ, null
B000I9WWK4, null
B000056IFJ, null
B000IOM0WY, null
B00000J2KT, null
B00004VYLU, null
B000BQJO1Y, null
6305622930, null
B00023B1LC, null
B002KGREJW, null
B000JSI7B2, null
B00005JN4W, null
B004HYDL1K, null
B00005LC6Z, null
B003HARV4S, null
B0083SI986, null
B00004S5QQ, null
B0007R4TBW, null
B000JJLTA2, null
6301972007, null
B00004CZSQ, null
B000ID37RM, null
B0000C24F3, null
630486342X, null
6301231864, null
B003UAFBXS, null
B00004Y3LP, null
B000H7I6CU, null
B001YV5036, null
6304286953, null
B000C65YP8, null
B00871C0DO, null
B00005J792, null
B00008F27A, null
B000ARTNBK, null
B0014C6F48, null
B0001KU90U, null
B00005OM4Q, null
B00005O06A, null
6301978277, null
0767800117, null
B00005B6N9, null
B00006FMG9, null
6304127073, null
B003L16FAE, null
B001DZOC6Y, null
B000QQH4YS, null
B001N4RORE, null
B0002VEUTO, null
B0000DK4QL, null
B00061QK20, null
B00005NOLV, null
B009RI4372, null
B0001O3YC6, null
B000057H8P, null
B00022PZG0, null
B003ELMR9E, null
B000ZLFALS, null
B000H0MKOC, null
B001FQMOCA, null
B00004X0V0, null
B000AP04L0, null
B000W1V5VU, null
0792838289, null
B001PPGAJY, null
6305133107, null
6303123236, null
B001992NW4, null
B00004WICV, null
B0007A2GSM, null
B00005JGO7, null
B000GUJYKG, null
B0007Z0OL8, null
B00000J2KX, null
630268644X, null
B0014B8KSI, null
B0009ETCV0, null
B0002J4X1Q, null
B005014GOK, null
B0034G4OY0, null
B00288KNLS, null
B000068TZZ, null
B00004R6C3, null
B00005LC6V, null
B002YCVX5S, null
B008Q016EU, null
B000053TZ6, null
B000E5KJH0, null
B000EOTVU2, null
B00009MGEM, null
B0012FHGCW, null
B00096S49O, null
B002OHDRF2, null
B000260OGW, null
B003IBEH02, null
B001W6S0C6, null
B00008FEEG, null
B00005RJ1U, null
B000A896J8, null
B000RHLY8I, null
B001EC0OQ8, null
B000JJHYQK, null
B00005JO1X, null
B002ZG97YM, null
B001NKI60W, null
B001OIXU0O, null
B00009W2GP, null
B0000CC798, null
B00092ZLS0, null
B00005JPO1, null
B008LY5VHE, null
B000VALY54, null
B0000696ID, null
B009OMYASS, null
B00006JNBU, null
B00004XQT1, null
6304143192, null
B00006FMGX, null
B00004RR63, null
B007K8BDMY, null
7883704540, null
B00006AUMG, null
6304432461, null
B001F12J3Y, null
B001G5RSTE, null
B000YHG72E, null
B0007YXREU, null
B0009UC7HA, null
B00000G0D3, null
B00004S5QK, null
B005LAIIRQ, null
B00005V96B, null
B0013AESMM, null
0790738139, null
B000ZN8036, null
B008PZYMVK, null
B00006AGHF, null
B002GHHHMO, null
B00004RPZ0, null
B00004XPQ2, null
B00005JNCZ, null
B0009RCPUC, null
B000M06KJ8, null
B001VPJZPO, null
B000E1MTYK, null
B000HEWEJO, null
B000HIVOI2, null
B001QOGYAY, null
6302786770, null
B000QE1U9K, null
B000JLTR8Q, null
B001A7X0XG, null
B00151QYU8, null
B0009X75RO, null
B0000CDL93, null
B0000DC3VK, null
B0000CGD0X, null
B00004RUNT, null
B000UIVRXG, null
B001G2MB2G, null
B0026127Y8, null
B002KGREJM, null
6304711905, null
B004EPYZPS, null
B0068THAGY, null
B000Q7ZND6, null
B000056C1T, null
B0019QZES2, null
B000ESSUL4, null
B0002VEUTY, null
B000XJSL9U, null
B0054K8O36, null
B001OKKRVM, null
B000069I3K, null
B008V5OTW6, null
B0010X73ZG, null
B0006BE3S8, null
B001EBYM80, null
B002XMGGJM, null
B004RKXW0E, null
B00007976U, null
B000I2J2WC, null
6301797965, null
B000N6U0E2, null
B00005MFO8, null
B003ZD9DQQ, null
B009NQKPUW, null
B00006AL1E, null
B000092Q7O, null
B000057VWQ, null
B000BB96MG, null
B00005LKXE, null
630395345X, null
B00006GSJV, null
B001EC2ISA, null
B000Q678OO, null
B004WO6BPS, null
6301661745, null
B000C8Q978, null
B002ZG977Y, null
B0026Y88RU, null
B00004WCLC, null
B0015QQKPC, null
B001SMC9IK, null
B0033BISWK, null
B00005V9HH, null
B00005AA0N, null
B001VPJZNQ, null
B003EYVXT6, null
B004TRJRD6, null
B0011MRKHW, null
B0000TPA88, null
B001JIDE3M, null
6304994540, null
B000056IFI, null
B000Z8GZYW, null
B0009MWEN0, null
B000068U00, null
B000O77R6O, null
6303566677, null
B000OW77UU, null
B002SEQ8ZC, null
B00005JMQW, null
B00006AGH1, null
5556167281, null
B00498TQV8, null
B0016Q2D66, null
B007N31YQ6, null
B000MMMTAK, null
B0007A2GSW, null
6304436394, null
B0014Z4ONE, null
B00005JNTU, null
B001BR5NLW, null
B00005JLBQ, null
B00004R6CG, null
B000CCW2RU, null
B0000507OD, null
B0011VRBEK, null
B00009MEFI, null
B001HUHBAE, null
B0041G67ZG, null
B000YGIHOG, null
B000W4HJ44, null
B0026KWT0G, null
0792158288, null
630528069X, null
B000VBJEFK, null
B00008G9AP, null
B00070FX5U, null
B000MXPE7Y, null
B001NAT07A, null
B004GYU16Y, null
B0006IWY0U, null
B0002ZUHD8, null
B000LVAQDE, null
B000SW164O, null
B000Q99EAC, null
630266232X, null
B000I9U9CW, null
B000ZLFALI, null
B001IO1614, null
B000062V8S, null
B0002KVUMU, null
B004JOCU2O, null
B006RXQ800, null
B0010DRYPU, null
6304342616, null
B0010T7R5G, null
B000065K25, null
B000KKQNRO, null
B000F6IOBQ, null
B000244EMO, null
B00008G9AQ, null
B000JGG6T4, null
B0013D8LKO, null
B004OBQDH0, null
079213690X, null
B000A0GP5Y, null
B000VDDWE2, null
B000NQQ4ME, null
B001KEHAHQ, null
B00005JOIH, null
B001R0BU3I, null
B00062J0LM, null
B000HDZK1Y, null
B000FILV1Y, null
B00004RM0J, null
B003BZXIEG, null
B0013YPEMG, null
B000EOTTTU, null
B00005JMZK, null
B000F1IQIM, null
B005Y4CWJO, null
B0002Z16HY, null
B0007TKOAA, null
B00006AGH0, null
7799122803, null
B00004RYT1, null
B00466H3DG, null
B001V7YJMG, null
B001AII4TU, null
B000CC3TMM, null
B00004RLHE, null
B004MYH08U, null
B00005JLBE, null
B0058Q4598, null
B000A2IPP0, null
B001EIOOV8, null
B001K2KM8W, null
B000EBIP1G, null
B000OVLBEY, null
B000HOMU98, null
B000BU0BBM, null
B00000G0EC, null
B0087ZG7UW, null
B0021L8UXK, null
B0002RGNRU, null
B005DVINPU, null
B000VKL6Z2, null
1404954988, null
B000I9U8NW, null
B000BZIT20, null
078062565X, null
B000FA57NK, null
B003ICOUVW, null
B003KRGCTI, null
B00005JNY3, null
B000IEZP8K, null
B00004RLE7, null
6302798450, null
B000EYK4KI, null
B0043KVFX4, null
B001VPJZ1I, null
B001EBLX5K, null
B000059XVS, null
B000F9RB8A, null
B000065MQO, null
B000UJ48PE, null
B000I9YX6U, null
B001AQT0Z4, null
B000JU7KAO, null
B000VSYDRM, null
B000E5KJI4, null
B00103584Y, null
B000NIVJF4, null
B0010HOZVW, null
B002VWOMMM, null
B0000UI2NM, null
B000T5O48K, null
B00004TLJU, null
B000FA57M6, null
B004SUDQ22, null
B001F7MSF2, null
B003WTO5MA, null
B000056V6Z, null
B000PMLJN0, null
B002ZG97XI, null
B00005MHNI, null
B0000TPA4M, null
B00004RJ74, null
B000BB1MI2, null
B00023B1LM, null
B000JLPMPS, null
6304497156, null
6304675771, null
B005ZMUP8K, null
B00006AGHG, null
B0000683U7, null
0790742322, null
B000089ARH, null
B00064AM5I, null
B000069510, null
B001UV4XEM, null
B001G7Q0Z0, null
B000NI8F5G, null
B000ARIS52, null
B000O76T7C, null
B00005JKHP, null
B000067JG4, null
B0014J8D9Q, null
B003WQT2YY, null
B002P8ZOUQ, null
B000HDR81E, null
B00005JPTK, null
B0000696IE, null
B0001OGV3A, null
B002I9Z8G2, null
B008PZZND6, null
B00009W2GQ, null
B001FFBI82, null
B001FZ9AAU, null
B0019PL2HA, null
B000O77RLE, null
B000I2JKEC, null
B000MZHW1S, null
B00096S48U, null
B00006AL1C, null
B000WX5KA0, null
0790742942, null
B004KV92ZE, null
B0001DMVBC, null
B000VDDES6, null
B00005JMYF, null
B001A4LYN2, null
B0000844I8, null
B000B8VCSU, null
B000F0V0LI, null
B00004U8NT, null
B00006FMGR, null
B0009UC7H0, null
B001G5RST4, null
B00284BNKC, null
B0006419LE, null
B0001JXOUS, null
B003GXJ072, null
6300247333, null
B000P0XJXA, null
B0042AGNAK, null
B001F7MSFW, null
B000ZN803G, null
B000069AT7, null
B00006DEFA, null
B0011NVCO8, null
B003NTSBTC, null
B000EWBKU8, null
B0004Z33EG, null
B00004CLDC, null
B000BI5KV0, null
B00005NDRZ, null
B001EDOC5Q, null
B0018O4YSQ, null
B000NA22C6, null
B000H5TVKI, null
B000KX0ISQ, null
B00009W8QL, null
0788812262, null
B0017W8ODK, null
B00005UMYY, null
B000Z8KAUM, null
B0017OB12O, null
B006VYFB1C, null
B000FC2HRW, null
B0006J28KU, null
B00871C09S, null
B001GCUO5W, null
B0000ABPLG, null
B0068FZ05Q, null
B000IZYKR6, null
B000EQ5SR0, null
B003F6WENW, null
5553600715, null
B000066RPF, null
B000ML11RI, null
B000AE8L1Q, null
B004TNKKY0, null
B001EBYM8A, null
B00005JN5T, null
B003WTO5Y8, null
B00004CX8I, null
B000FVQLRA, null
B0000DK4QI, null
B00008VDAD, null
B004UXUX4Q, null
B000HRMAPE, null
B00005LKX4, null
B003ASLJQS, null
B000BB96M6, null
B00005LF3B, null
B000I8ES5C, null
B0016OOEUG, null
B00004CX8P, null
B00005JL3A, null
B0010DRYP0, null
B0016RDEH2, null
B000P0J0DI, null
B000I186FW, null
B0002KVUMK, null
B000067JG3, null
B001LRTT7Q, null
0783226128, null
B0018CWESA, null
B0007VNGX0, null
B0045ODPKY, null
B00018D454, null
B0007IF19K, null
B000RJO582, null
B000BDH6BW, null
B00003CXI6, null
B000BZISQ2, null
B003008RWA, null
B000ICZD6Q, null
B00018D45O, null
B001P9KR94, null
B000FEE6K6, null
B0007VNGXK, null
B000GFLEGI, null
B000MS3YXU, null
B0006IWQIU, null
B002GSXKP6, null
B000UAE7O0, null
B0000640WX, null
B002LMOCDQ, null
B001EC2IYE, null
B0009PQX02, null
B000BTJDGM, null
B00005M22Z, null
B002RIC50G, null
B000RHLY7E, null
B0014CQNTK, null
B003Y60CYG, null
B004TJ1H1E, null
B0009ORFH8, null
6303686796, null
B002XMGGK6, null
6304240554, null
B000AAJTM0, null
B001AII4T0, null
B0002B15WE, null
B001H20HVM, null
B000M53GMC, null
B0028O9VE2, null
B00007FCTH, null
B00006L9XJ, null
B00005JNC2, null
B000IOM0WE, null
B000VY1EYQ, null
B003Y5H5EC, null
B002NJUN44, null
B001CDR1FG, null
B002BVOYIA, null
B00008OWOF, null
B000ELL1TE, null
B00316SRGY, null
B00008F27H, null
B00006AG57, null
B00006FMGK, null
B00004CO5P, null
B00337KM2S, null
B000FUTQNC, null
B00006FMG0, null
0792140923, null
B0006J240Y, null
B0013FXWU6, null
B00008975Z, null
B000I8ERVM, null
B003EYVXUU, null
B000244EME, null
B0028OA3EY, null
B001YV502C, null
B00004RO2M, null
B0008FXTB4, null
B001BN4WMW, null
B00004RYI6, null
B00018U9G6, null
B000VDDWEC, null
B000EOTVUM, null
6303050239, null
B003Y5USG4, null
B000LPR9ZS, null
B001QB5SCM, null
B000JUB7LW, null
B0000AOWNJ, null
B000Y7WGP6, null
B001L5O0OA, null
B001EL6EFE, null
B000E1ZK50, null
B000BDH6BC, null
B004SIP8QQ, null
B0000897DU, null
B000K7UG2U, null
B0007TKOAK, null
B000EMGICS, null
B003BZXHVK, null
B00005B9WV, null
B0000714HI, null
B003SI2BNA, null
B0007TKOA0, null
B000AY74OQ, null
B0001CNRRU, null
B001DRF84W, null
6302842557, null
B00004ZBGJ, null
B0007Y08IS, null
B0000065PD, null
B00000JGHM, null
B00003CXI7, null
B004U40NBS, null
B000I9WWJA, null
B0021L8UXA, null
B000EBIP16, null
B001PO54V0, null
6305605165, null
B008YI91HS, null
B00005ABTU, null
B000NQRV4O, null
B000069I3Y, null
0784010331, null
B001VNWB5W, null
B005Y4DIMY, null
B000VKL6ZC, null
B0001E7LQG, null
B003QTUQGU, null
B000G5SILM, null
B0006IJ5PM, null
B003PIUINS, null
B000060NYT, null
B00006FMGF, null
B007STBUHI, null
B000B8VCSA, null
B000TGJ8CQ, null
B00004CX83, null
B0007QS21G, null
B00004T0HK, null
B000MQ54OY, null
B001OKUREO, null
B00006AG5A, null
B002A5EBMQ, null
B0000640ZP, null
B000JU7KAE, null
B00112S8RS, null
B000QFCD7W, null
B001NI24OI, null
6302799066, null
B004YRSC7I, null
B00005NRND, null
B000O174CM, null
B00004RYTY, null
B004SEUJ0K, null
B001RJX870, null
B002G1K82Q, null
6303212263, null
B00009W0U0, null
B00005NZA1, null
B000O1F6K4, null
B0043JDUNS, null
B001N3OJEG, null
B0014T5TAM, null
B000063W1U, null
B000I9YUW2, null
B00004VY05, null
B001DHXT1G, null
B000055XP5, null
B000P6R5Y8, null
B002VWOMN6, null
B00004VY0N, null
B0026ATDT6, null
B000HZJ0CW, null
B000E1MTYU, null
B00005V962, null
B001R6AW18, null
B000TJ6PBK, null
B000VECACG, null
B002V0GZ9M, null
B0030MM68O, null
B001FB55I0, null
B001EBYM8U, null
6304808879, null
B00000JQB5, null
B00004VY13, null
B00004WEJ4, null
B00004CK5O, null
B003UMW648, null
B00005JLXE, null
B000FS9FCQ, null
B000K2UVZW, null
B0002ABUSY, null
