name, cluster
A6X6LNZO1C3EZ,0
A32AK8FOAZEPE2,0
AXQ8T2D9IT6UG,0
A38921VU3NJDFK,0
A1GD1G8XXPRYQ8,0
A2PR6NXG0PA3KY,0
AQUVTQFFXP4AC,0
A12X2J7AVZ04IQ,0
AIY4H4KWR2KWZ,0
A3UDYY6L2NH3JS,0
A2VMT89TCSF105,0
A3P9D22KDEXVMN,0
ASJ89T42CIUHU,0
A3081Z4P774YR4,0
A126KX6FVI4T66,0
A25UZ7MA72SMKM,0
A37PV5GMP2ILJC,0
A1EHTFVSD0H7I6,0
AWPODHOB4GFWL,0
ATS1HA5M3EPZ4,0
A13D1WTFEMS9VH,0
AUDSM2CTLLW1Q,0
A2F7CCPK4QL359,0
A39IBJB2PBVC7I,0
A2RFG9LI7JDILS,0
APM06HT7JIPZ5,0
A2Q457CES5ZUZ,0
AIIR8E34EDKCQ,0
A1D2ZN57YG2NMH,0
A1IOJE0W1NXOSE,0
A2W00XKTTF1G0Z,0
AEQFYOI6YJ83Z,0
A146D2LYLICNLS,0
A9TG2NFA614S9,0
A15TNUM2PBS6F0,0
A2T049UQONS0OY,0
A3EOVXI1VZIHUQ,0
A1E85KPLPYVW8E,0
A32XW50ILWOXNO,0
A1V3TRGWOMA8LC,0
A2HW33PQSRHLNO,0
A3KJ6JAZPH382D,0
A20LY8E9NGYA4M,0
AHBNPMHDWZ7SB,0
A1AUOVXPT5MYX4,0
A3ARJ16772TKHT,0
AAEP8YFERQ8FC,0
A1M4NJYP0WNL8Q,0
A22RY8N8CNDF3A,0
A1VCLTAGM5RLND,0
A3CN9CCJUNIPKT,0
A1UFV4HALV2OXW,0
A2RHQMV5GD18Z8,0
A2YM3KILJ1G0YJ,0
A1CYOHNGQ1WED1,0
A1I7QGUDP043DG,0
A3IKBHODOTYYHM,0
A2GBJQ9THOYDAJ,0
A1SVXJZ3386U2D,0
A23GFTVIETX7DS,0
A2MFNDNS1L7D16,0
A96K1ZGW56S2I,0
A3GA09FYFKL4EY,0
A2AVV9LV9UXT6F,0
A27CHILBK6HIL2,0
AW99SBGWEXP0J,0
AGU2ZGUBFCJTJ,0
A1Q15TP2FXYYMF,0
A10L8O1ZMUIMR2,0
A2SGR7LE899LGG,0
A3SJSNS9LW981O,0
A2OU415LB9I5J6,0
A38U2M9OAEJAXJ,0
A2EUG9W2IAVCT,0
A3VQSFORKH8B7O,0
A1ZTSOBAPOWT3,0
A1J66TA573ZPRX,0
ANCOMAI0I7LVG,0
A14Q6R4481YFFG,0
AVCRD98TH48RN,0
A2TZKXU6Q0EDNP,0
AD7IBJCYSJ9EE,0
A109LWN9DUGPDP,0
A1EMDSTJDUE6B0,0
A3QLAOOTFEHCJI,0
A2J57EQ9KPGXR9,0
A35XFZN4MWNKK4,0
A1LEV4H5ZQ55J2,0
A3QH6BEY6RYQR0,0
A3ROZK0G84RGMZ,0
AAKGTWGAFT1LQ,0
A2GB5CG77LGQRB,0
A2OCJNB6B46OKP,0
A3ATTCCO32ZXET,0
A35L2E8M7S59MQ,0
A2LW5AL0KQ9P1M,0
A33L7G4E8CID3,0
A1IWWRZJOXOSYP,0
AF8C86SGYLH81,0
AS28WVBBZ3G99,0
A1655SGPPUUCRP,0
A2FPDWTD9AENVK,0
A2QQHIY23PL7H3,0
A39NS429FYXAD1,0
A10X0JN8KTK89H,0
A1RSXP7MB772E3,0
A3IXPFN5DU9Z9L,0
A1T3O2LILVK0C4,0
A2BPDFR58H9575,0
ARFCORBCTKX1J,0
A2ODBHT4URXVXQ,0
A3KEZLJ59C1JVH,0
A1LBAC84TLIGAX,0
A153NZD2WZN5S3,0
AUTBHG6070SL4,0
A3TYC8T6W81DDB,0
A21XVS00AIENLX,0
A19OQ7LWE2YJL3,0
A3APW42N5MRVWT,0
A140XH16IKR4B0,0
A27H9DOUGY9FOS,0
A3DHQ5WO80X1IZ,0
A3STFVPM8NHJ7B,0
A2TXR85WQLE32N,0
A1PASRZ81DY9C,0
A20ZFWGBY4REFX,0
A1TEMNM9ZEOLJ6,0
A2NYQCLFQRTI74,0
AW4MT9WP95TVD,0
AO4J90YPX5RU6,0
A16QODENBJVUI1,0
A319SKSB556033,0
A3S98L5B1SR9P1,0
A32JKNQ6BABMQ2,0
AIMR915K4YCN,0
A1TPW86OHXTXFC,0
AILBDL6ATVDCJ,0
A3KUUII2GSHN7T,0
A34D06JL7LC6MU,0
A3SFO2GSP5CVSM,0
A2QHM5HBSIXRL4,0
A2ATWKOFJXRRR1,0
A28OB1QLXN5BM6,0
A2R4XG0L7Z01V8,0
A3D2VIUT2HWP0Z,0
A1C2P5HX5RLPAX,0
A2W3HLHIA9UP4D,0
AQZH7YTWQPOBE,0
A28B7IJR80M8KE,0
AYQF4Z1EQDACU,0
A3QZCA4LTTVGAD,0
A3LZGLA88K0LA0,0
AWG2O9C42XW5G,0
A3MV1KKHX51FYT,0
A1A535W556ROBQ,0
A13E0ARAXI6KJW,0
A15Q9YEG1XPEJN,0
A28GCEHD00JFZG,0
ANGH6401L9Y0T,0
A2VP7JOT3K7PFM,0
A2GPEV42IO41CI,0
A1BJJVV2B5VLUQ,0
A1OS2HX2CWQIC7,0
A1534MBU6VJXYN,0
A38I00SO3D9ZSM,0
A3D6KZT0QG6UKB,0
A1GGOC9PVDXW7Z,0
A391YPR0NFTCLK,0
A1MJMYLRTZ76ZX,0
A1VJ7HYM1EC94M,0
A3OMPSEVL59ZDK,0
A1HG2DOSBZEX4I,0
A1U6B2LDK3BUVU,0
A1PL8JA0TEHBVN,0
A3H9JSM1SUTE4O,0
AP3B615GM191G,0
A17FLA8HQOFVIG,0
A25HYPL2XKQPZB,0
A31U2QT7SAL7K,0
A15G70V9OBTOVO,0
AQ0EO10KTRJ4V,0
AUM3YMZ0YRJE0,0
A3AVJCB1ZD6ZY5,0
A2UNMXBJSVIXFB,0
A2U80IPZXN5V1U,0
A2G8IR6ENZSQHF,0
A36EW68H08UOCS,0
A3GQKB1KF0CRPE,0
AE9GUE3HHOX3U,0
AG0TA24LI0XV7,0
A3A48XEYWLWH7T,0
A3LXKO2S6G2DBI,0
A2PV6GK1HV54Y9,0
A3M2WW0PO34B94,0
A3JXOXKWOIETIY,0
A10DB0H2NZF11E,0
AL277B4AQCWBG,0
A2PBV1899CX3TE,0
A319Y83RT0MRVR,0
A1A87TUBBDPMF0,0
A18758S1PUYIDT,0
A2B73CL3QSYWLB,0
A2OFSDJB3MVQ16,0
A35ZK3M8L9JUPX,0
A35YWA2V4QHOJ3,0
A387BD735MI50R,0
A2HII4U9WQ0XUV,0
A3KF4IP2MUS8QQ,0
A12IDQSS4OW33B,0
A2RDR5G65D9H84,0
A26IVJJTXOE85B,0
A2IZIYYCEGOMEU,0
A1GB1Q193DNFGR,0
A38QEATH3NODFM,0
AEGR40GALMDJ4,0
A220FJEQNGMSRN,0
ATE5SA1VTJNP8,0
AM2PV53UX1JEQ,0
AL4MKKO24563R,0
A2KWQ64TRHB3YH,0
A2VJ80PM1G00QV,0
A29R4FCO6RFX4K,0
A2I6MHMAZZDCRX,0
A3EE0H0NWQ9QVL,0
AJKWF4W7QD4NS,0
A2MG8DHACXH5MS,0
A1LZVU5SRRM3VX,0
A1C58YXM2A30CY,0
A6VXZ1EEPRTLV,0
A1TMAVN4CEM8U8,0
A14Z0Q1DU6CBJJ,0
A1TJIJKKN15KR9,0
A31ARSC1LGY8WK,0
A3DY46ZABF4CMQ,0
A2KW2KWKABNYNO,0
A3R8PXSFGY9MC2,0
A3CL82UITQJLWS,0
A1BJOEQSRX2IBM,0
APIW11UEPKIC2,0
A20EEWWSFMZ1PN,0
A27PSZX2SE0B51,0
A26BWRBPP4V2WF,0
A1CDZNPO7U4E6N,0
A2WP0GOTX13MG4,0
A3C6CZC2JP67VK,0
A3KKM0T1KY42HA,0
A2FWEZ0QS8N7A7,0
AJMU8VVFKMZI4,0
AT07UZQQR7ZEH,0
AMKZHBOK7VMQR,0
A2JHHYYOOO4DS6,0
A29QA79VLQGHY6,0
A239PPUVV8O0U0,0
A319YRDK8Y39N,0
A3OEECMCM2T4KQ,0
A1KDGSZEJXSE9S,0
A1LSDDSM4PGOU5,0
A1TWTULVD6F22O,0
A1NSMQIF1C2VCE,0
A9LNWA25IM2DX,0
A3NM0RAYSL6PA8,0
A1E11HKN4IRY09,0
A12IRGQLFE4EBA,0
A2NBOL825B93OM,0
A16CZRQL23NOIW,0
AV6QDP8Q0ONK4,0
AMNNPDX9MFEUD,0
A356RFKNIG043B,0
A1RP6YCOS5VJ5I,0
A1ZOF747O5EB6R,0
A2XRZV63X79YSJ,0
A34D4KCP94ACJZ,0
A1GN8UJIZLCA59,0
A3FDEI5P21XX6S,0
A2MQQI4UYT9C11,0
A2198O25QYUPXE,0
A31I3HXMD5H1EL,0
A3DDPQ9342UNMY,0
AJUFIGATSP9AQ,0
ALR35EFI69S5R,0
A17LEYMZI8OYOQ,0
A2TLLX0ZBMZTK7,0
A4PPZNQF1X2IY,0
A2N69DJM8NVYZ6,0
A2NJO6YE954DBH,0
AJ9W09EUQPAKE,0
A2PXHFGJZBNLXB,0
A1L8HRCM60W0W7,0
A2XRMQA6PJ5ZJ8,0
A3UPYGJKZ0XTU4,0
A1YC9XEDFKXPLK,0
A18IK6YI6T3RK2,0
A10HMPPHWI3V0A,0
A10ODC971MDHV8,0
AURZ4YQ270W3T,0
A2M597GCCE1N2S,0
A1COW0UIB5HA9J,0
A1B05INWIDZ74O,0
A141HP4LYPWMSR,0
A1FCWRSICTO2AH,0
AFV2584U13XP3,0
AGEIT17HENDIS,0
A3Q1FVRV0CRYTH,0
A18MBO1U4DPY20,0
A3JPFWKS83R49V,0
A3HM5G9IV1FTFP,0
A3RTMB76CJWY9U,0
APOGXH3A74CM3,0
A4UKBG3M5U5TI,0
A139ZF7CJVVTJU,0
A3LZBOBV9H1HDV,0
A1JH5J1KQAUBMP,0
A3C6X0DAM87GN4,0
A2M5FI4CB6VUXF,0
ABN5K7K1TM1QA,0
A2A6NH6DPE0VXR,0
A5TZXWU8AALIC,0
A39CX0EE4BZCZC,0
AMG2LF8MLUDN1,0
A1TW9ZGRDQQZ2Y,0
A33XHXRTRZOQ12,0
A34PAZQ73SL163,0
A38DQCCC64K4W,0
A2WZ1B92F81LJJ,0
A1VABWDOUQLULZ,0
A370Z6I5GBWU44,0
AMMEMPM9MPS55,0
ASIA7V7CBSKD3,0
A96JD9312DHWC,0
A1L43KWWR05PCS,0
A6ADO7B6FUVN,0
A1R8LZYZR3377O,0
AXSH6O4OP5L4M,0
A2FRKEXDXDN1KI,0
AD0J5KK4WQXNS,0
A2T7TZBOTP68C7,0
A3LPQAPU2ILDD0,0
AY12DBB0U420B,0
A19VMQDCB4HZ9P,0
AV3JZAYAP7GHC,0
A18G7GG53G2X8A,0
A22J9WI2PDAVJ,0
A81P47EIXM8HA,0
ABSX5TGEGRH76,0
A3M6RVUVZOQZLB,0
ANEDXRFDZDL18,0
A38QJ7JUUTVLKX,0
A1FG91CM8221X1,0
A3GRN6J64F2C3X,0
A27FR2C67JPDRS,0
ATS7LYGLUX34L,0
A3JLOIXFM75QNV,0
A363QRXP83K8ZE,0
A1AMVA4R3G58TV,0
A1TK6R2JSC97HL,0
A2MYUI8IT6UBUU,0
A2P49WD75WHAG5,0
A39AWL2FKWDFK6,0
A1SCD2NYTIAQTY,0
A2582KMXLK2P06,0
A328S9RN3U5M68,0
A3PCTD8QM1BIXI,0
AMYW43AHO16SS,0
A1V3IO23FZFF9L,0
ANBQIWHO9JRFS,0
A26HFSVLAGULIM,0
A2R1HAXRNU0QX7,0
AYBL30P5NXNZ4,0
ADB8XCKNSDY5Z,0
AS7B4W4KOPQNV,0
A1AISPOIIHTHXX,0
A9LAPV8XNKZVZ,0
A82LIVYSX6WZ9,0
ABX7SEE84DMLU,0
A3W1JJGJHRPH4Y,0
A1FMJJKSVQDDQ,0
AER15RIMV8E6D,0
A1ER6IYOMM8VCT,0
A2PNTEDGMOLMOY,0
A268EEWUXYCA8Q,0
ARA48345JZPZR,0
A1EGDRTJYF3AZK,0
A3EJYJC25OJVKK,0
A161ANWB62G3M8,0
A4JP4T1F95D0A,0
A2SLA0SXRQV8M0,0
A2Z44AN3F2IN61,0
A1GHUN5HXMHZ89,0
A1KALHQD4LWAKO,0
A2H44WVZS59KKT,0
A1NLZVP501JM5Z,0
A3SS6VRWCTB7V,0
A2R6RA8FRBS608,0
AE4JNORCLW8F6,0
AYWAY5MKLAITN,0
A34GZPHWYPSY2T,0
A3KB1H0S7T6JX1,0
ARMVAHWQQ9S8A,0
A25ZVI6RH1KA5L,0
A1QQPIUXWD4G0Z,0
A2HVL790PBWYTU,0
A1CQON0P01BITL,0
A1NI0VOVXZBM7Y,0
AB9QXH5URDLER,0
A2AOZQ3WTNVVOK,0
A3KY68OTSNHM3G,0
A3ROE64EVHDTTV,0
APOUYO1BEPK22,0
A3PPXVR5J6U2JD,0
A1TJPMB7N776WS,0
A16XRPF40679KG,0
A2ZVERVFM25MJT,0
A16X61RLY1YJL7,0
A3N6GAJTEOF4MO,0
AQP1VPK16SVWM,0
A2JP0URFHXP6DO,0
A37OOQQLMMKYR8,0
A1OYW08VVPMP3Q,0
A2UL0A8GJB4318,0
A10E3F50DIUJEE,0
AUHG8KSHI529U,0
A1SPB225CVTRUU,0
A2WSI8HOWHFDOT,0
AQ01Q3070LT29,0
A19ZXK9HHVRV1X,0
A3EUSH8DPW75LR,0
A3RB6NQOLOBXYD,0
A9RNMO9MUSMTJ,0
A152C8GYY25HAH,0
A2C7BOQVFH1HLE,0
A2Z28WKY1LHBKY,0
AMIGVTZZIWS6I,0
A33CLVW2K7SL1P,0
A1DAOL3NMHEPLS,0
A18BD98SU49UB7,0
A1VZLLDNLURGJB,0
A2EDZH51XHFA9B,0
A129YBX5BVNW2,0
A1P2NBM3P3TS2X,0
A11ED8O95W2103,0
A11PTCZ2FM2547,0
A39IY0JU5JI69G,0
A1DK5AZMXS1QA3,0
AT6CZDCP4TRGA,0
A3NH7PYU4AD5GA,0
A7P9LPMSBAAME,0
A457S8SW690NM,0
A1R602SXNGOMJ4,0
A17JVVAKWEB0M,0
A1HX00DL0SZM1G,0
A2Z7TU96G2WB9B,0
A30TK6U7DNS82R,0
A3U56M0Y8LYO6J,0
ABO2ZI2Y5DQ9T,0
A1CDNTB7377YH2,0
A1CZICCYP2M5PX,0
A24IJY3V0804WJ,0
A2EEUQ81DTY7G3,0
A2ZSC81MXLBELX,0
A27RJ30RN5K9MX,0
AGVWTYW0ULXHT,0
AL5OEDM8TPTKV,0
A1R9GZ8FC44MF5,0
A1ALOIPRR8Q06J,0
A1J2931UBBJPXM,0
A1LP6O85Z894GT,0
AVOCNUFOXUCA6,0
A3N5XIM9R2OQH0,0
A2D8CUJPOSRPNA,0
AGQY11NLQJ2JL,0
A2RKI7RPP5CJMG,0
A1FDW1SPYKB354,0
A1W702WG1LC6R3,0
A9NCQGVV5W8N0,0
A327YZ9EDPHDOQ,0
ANIMV3SPDD8SH,0
A3R36DZQEWNVJ1,0
A3U5JCXIXTGSLN,0
A1ER5AYS3FQ9O3,0
A1X054KUYG5V,0
A36HBE2C5SQ2E6,0
A2GYX971VETQBV,0
A5A2QE6NECFR5,0
A2DSXA1E02C86D,0
AZCDCO6KK2T81,0
AV5G37VFE5NVD,0
A3V5DUZ5KXPGQA,0
A1I9B4PSCDDWOO,0
A3CWH6VKCTJAD,0
ALJGB7XHPFCR,0
A1YQ6QB2127AJ4,0
AE0E6UII0VSZA,0
A21B2TJBWCSK1R,0
A2UN5UY8Q6YMOF,0
A34IBXM7E8CPWE,0
A18RQ2URRGIIEA,0
AR14BIUHYR6B7,1
A2LR4NR0G8KO7C,1
A2Q7YBUV8IPTLW,1
A1TUVJBY0X4M5O,1
AVF60NZ99H9D5,1
A3QJU4FEN8PQSZ,1
A3M5O6UHXO9IBU,1
A267IXCC7UK1HY,1
A17NFLRFTMYXF5,1
A3CCYAQRHUTPIQ,1
A39VJRIW7HC5C0,1
A1Y0HX12MCT6OR,1
AGI3VJ0I04QO7,1
A2809U2S14N0K1,1
A1BE1OKY80FUBH,1
A3LGT6UZL99IW1,1
A16FUU8WW76QFY,1
A3LOBF0ZU1HE0S,1
A32DTCFBBB9WIV,1
A243HY69GIAHFI,1
A1G5LJ8T1IGYC5,1
AFLQGO7CJVK50,1
A34KBK8ORA5GRV,1
A1QFQ9SQZVGUK4,1
APBB297H3ZA5E,1
A2G6GO4O7EVCPF,1
A5AIEA4LXWJH3,1
A1KIQ4P4ZW3ALF,1
A29IPLCBZ3LIGX,1
AFMUUJT7J32LN,1
A2YXMN40D7WTGP,1
A34HYQ9BQZPE78,1
A18GP1PWVTKXQQ,1
A3F2JUHM6C9RZ9,1
A3ICHEO78NFE4Y,1
A1N8K1X0OLLADY,1
ANAYSRE3LX8GZ,1
A1ZO30Z16MQ7Y7,1
A238M34Z3X2IBD,1
A3956O40ZZYFMY,1
A1EKA9XSI641C9,1
A7PBI5HADJYER,1
AY39CRKDV5L8S,1
AFOK05KDCHSHL,1
A29R3O02O0PON4,1
A1O60Q7LBN4MQ,1
A2X27FQSHP418Y,1
A2BLITJITO97N5,1
A27QZDO1FRRFCV,1
A2LGRPM88JDWP6,1
A17NVM7IAPF2NS,1
A3RRBPUGD7UOSP,1
AIFNOZKR9WTYI,1
A29TKSIWA3JKF3,1
A27W5AJNP6YX7Z,1
AWSYTZ2I2MW0V,1
A331OF34UX4Y1K,1
A3F9G9G8CJGJPO,1
ANOAF9M5MTJHN,1
A3P7WNM0UHV4YQ,1
A2Z379ES750ZRY,1
A3FUBUJAIGM87T,1
AG6UYD56VHOG1,1
A359IT81FBX64Y,1
AH1OH4PWR7NV6,1
A8G9GETA2OLMZ,1
A1PQNUIMLIOJ7R,1
A2EAI4948TW53X,1
ACO20QL72D1E6,1
AG8U6F6226GBZ,1
A2GANR9I6XHTU9,1
A4X7FBQ5SKPI6,1
ADKA2MJQQCMTO,1
A3HQXFLZ6WI70Q,1
A2HWD9PTM7RBXN,2
A2S166WSCFIFP5,2
AC16NVPW23KGG,2
A3Q1EDCBV2KU8D,2
A3FBGZ4E6KGIW2,2
A3E975KR2HRERX,2
A2Z5WEA0KOMN9G,2
A3VUO1LJGMSZQY,2
A2JTD6D79HNA5X,2
A35R8PJSEURHHF,2
ABFOAYZA2UHD3,2
A1K31NF81TS0CO,2
A169I83JL8QJGN,2
ACMOLKXVKQ06Z,2
AZDVOFC2MTIM5,2
A132ETQPMHQ585,2
A1G0VFQ9198IUF,2
A2FTHCGH06O4Y5,2
A1J03J0HZ7KU5T,2
A1OGPR0AKZ4K7D,2
A1ADG449ZNEO6Y,2
A20JYIHL1W1U54,2
ATHTCOG6BB6WK,2
AZ5250G2U795I,2
A1GB0HW46Y2EB,2
A2RW7HXNEJ0QTQ,2
A31RM5QU797HPJ,2
A3R90OGE1EACZE,2
A1RJXK6KF3LL5R,2
A258MSMKY2710V,2
A2ZHSORK1HHYTT,2
A3RMAWK4ELOLRZ,2
A2F8R40Z2OMIJM,2
A3CIH3P8UDB6GR,2
A2D7NX9ZYBJZ13,2
A1JJOV69MAU2J2,2
A2INL3AYAT6325,2
A1EOLRV216BXJ9,2
A16YCLRKOU0EV3,2
A5QE86H97FDJA,2
A8M4WE1MT4R4O,2
A2B8GXSCB1R05T,2
A82R4WKX62LEK,2
A18HHKM6WGEF9D,2
A1V3PCKVCJ3TTZ,2
AY6A8KPYCE6B0,2
AOPQ0KA1B7BFD,2
A1Z2ZN39LL07GI,2
A3RNC9BGR4J1ZF,2
A3EISFBTLEQC69,2
A2EBLL2OYEQJN9,2
A2RH7ARWQSUVQV,2
A3TD7B0CT1NHO4,2
A11KRMIA0ES88I,2
AAZRWLML88IZK,2
A2G8D1VN3MVB6F,2
A1XN6MBYDBTX16,2
AHCVWPLA1O4X8,2
A9L6L5H9BPEBO,2
ADE852UR9121C,2
A25ACLV5KPB4W,2
A3GD9BKIUT3I89,2
A3BFJFJRXMWXAX,2
A1URXSRV6WDHVY,2
A2B8DJ0CKN9FAO,2
A31JRSZQ76YA1N,2
AD9WTAOAFUZA4,2
A4X7NFDO3I1TA,2
A4CHIXX0HOB3G,2
A2CU4L3OK00M23,2
A3DGB4HN3QCGAL,2
AQ6SV7LDSMGBE,2
A36NUDST4Y5JBA,2
A36QYTMMJ0O2IZ,2
A1L9MIIBI7409N,2
AMYMJ96STIRW,2
A28MM46KI4EQB2,2
A3TZV5SXQ8F6ST,2
A13H2JJ3GEMJN1,2
A1UNJ46NSB352E,2
A16IXZW2A0NFR6,2
ALN0TTRTLHA4E,2
A3SYMLB8JSW5VD,2
A12A8LU93A132U,2
A13F2IV3ME23R,2
A5KLP39OKXD5P,2
A16GAIJJE39T1S,2
AX9J0U8J6XTCY,2
AB0GGIQBNB36Q,2
AKS9SJTHTU0OM,2
A259F4J3QOBIUH,2
APZ9MBMUKD2W,2
A3TUZOJZM9008Y,2
A3KROYMQ61M7A,2
ACVNA57PI4DLV,2
AIRHRV3D8X4J1,2
ABO092BYA4VMU,2
A1X7FS1H4R02W1,2
A1S3C5OFU508P3,2
AOTMP0OKJOUWI,2
A3ICCTSCBT7GS9,2
A86R2KZIFHKLB,2
AHABFECTNE15I,2
A1ZH9LWMX5UCFJ,2
A1IKOYZVFHO1XP,2
A2E0EZ8DO5YSU3,2
A1CYRTQ04LYI55,2
A2K3L0DOPQQ697,3
AFFVUZEGP1FDQ,3
A1KD8NJPZ01R37,3
A1X15AQVSCKKRG,3
A1C0PHJN6AUZT6,3
A168VXSISJWQN9,3
A3I49HL6XR62DI,3
A1NVW4NUXPOSJB,3
A34W7QA4J5UTOR,3
A2EIK4L9730WWJ,3
A2TAPL67U2A5HM,3
A22AD8M2SSOFHJ,3
A2F3SXHT6RBV81,3
AK7D1BHZOSOL1,3
A56AA52NMMKYQ,3
AEVNUEDRGTC4P,3
A1PCQHQ6NPGL9F,3
A3F3B6HY9RJI04,3
AWEOR1WZSMBEZ,3
A2BT7IC8PT1ZC9,3
A2W2ODLRQ2L8LE,3
A39C7SEMCJWVOI,3
A1C80B497LCYKA,3
A3PQ3K5RKNJYA1,3
A3OXHLG6DIBRW8,3
A1N7YA81ZI4KAF,3
ABP69F7LFTI1R,3
A1IUI3CJUMB7J0,3
A2Z0A3DOG0EVTY,3
AZ1H3VLCDR298,3
A11XKY4EIU2KNR,3
A2Q13PHEXGR48Q,3
A1YB29BIDULEYE,3
A2GA2SO3YK6CXI,3
A2NX99GVAX4TRP,3
A345WVAVMMO6F0,3
A33IZJVCKFKDPU,3
A1D2C0WDCSHUWZ,3
AAECAHBNP1VD2,3
A3ENN25NFADE1X,3
A3EBHHCZO6V2A4,3
A3FVAWZNKW9GX,3
A36RS7KTNOBROF,3
A329U9CDUPKXAC,3
A35WVFSULRE1G9,3
A9I40WFF40R4,3
A2ASIT0JYIGHTA,3
A22TZUXUKA11SQ,3
A3R6ST52EBN2FK,3
A1ST1XBL6EQTBV,3
A2LAA9SCENXLKN,3
A27CFNHYZG6WS8,3
A2XVRCU5DQBULH,3
A2AK7ZFKW08HID,3
A18OUQEK7IZ2F2,3
AWJOVW1BZZ34H,3
AY46DEOJJYFTW,3
A32B206L2SEXRA,3
A2TAPSNKK9AFSQ,3
A461VTLW9G9YB,3
A37ZOGOK3GKF2P,3
A228JH8V9Y700G,3
AOVJYIUATQKR5,3
A15U64VGUV6RBF,3
A2UKC6QFG9L5GV,3
A3V6Z4RCDGRC44,3
A3AEYDNYCWH2IZ,3
A2ICW5OUWX2A2V,3
A2H1WNB30JNAWU,3
A3VV4GUGLUVUP1,3
AV1KYJXHOWPMD,3
A20TJ5P97W5MS1,3
A2ZHH7AK83JB5G,3
AR2DE47VCY1C8,3
A355WMP0CQBJFX,3
A3AKPY4LXIC24O,3
A1K3NQAO49LXL2,3
AR1T36GLLAFFX,3
A155KXFRZCA7C,3
A38UHOCEKSUOSP,3
A1DZKOOMMJM1MI,3
ALG7QH2L5JL2L,3
A2BZWG2LTJZGBQ,3
A19JYLHD94K94D,3
A1HO9J4DCQDGP9,3
A22VNXHU6IZ5MT,3
A1VCPMT1RRS7K0,3
A23QOAXJSWIBS6,3
A3M1NNDD95HR0R,3
AQBRMBQ99ESI7,3
A1G69BQLIUMWPN,3
A1C7BWPATO40VA,3
A41I67QYRAOSQ,3
A2Q5Y2EMS6KDWI,3
A2FS38D943KX12,3
ANP3R2R4V4GAN,3
A3QNQQKJTL76H0,3
A35AMPDFAB8JLT,3
A2TV6SBCWT7P8S,3
A1JKFUUCZRA3Z4,3
A26A64X86VL1R4,3
A3B87UZLPCF0HW,3
A1IANEBSMVGHS9,3
A2XQ48481DIO80,3
AFJFXN42RZ3G2,3
A1FZA9C5MVIWHE,3
A11C43I615R52G,3
A1WUMTJOASEL5F,3
A356TJCTCLDN89,3
A2IY9M330NKBW6,3
A1CLHLW9PFKG9Q,3
A13RM1AWD1C5ZR,3
A3W13VVBRY5GL7,3
A38ZTUNQJVGP6S,3
A13H7Q4JVK6DTV,3
A29SJTG21BVWF4,3
A3GKPMHV4U64IY,3
A1EARN5PUVIF1S,3
A100JCBNALJFAW,3
A3P1508PZ0UADD,3
A1VQBHHXIKHIGS,3
A2H22I2RWE0HOV,3
A2NUHWMHA9XNKV,3
ATU6AN7OFVO0M,3
AMP7TQRWAIE84,3
A1129LM24YWSZV,3
A2C5VLIJMDPWHI,3
A1U360OMVQRPUB,3
A3MCC5MAJYJYMD,3
A2Z9XBCYT3AHHU,3
AN8M401S8Y6DA,3
A2BQBLCKJHP65G,3
A24ZFFRQ4MG3XL,3
A1AYN3IIUNQCIA,3
ACEA95FQS1AVP,3
A2QH5NMHW1KTJ1,3
A16Q1LYIDE2WDZ,3
AK2AQIULQDFS5,3
A13IKSGDYNBNQS,3
A36AH31X84FIC8,3
A3FEQXNCFC68KC,3
A106016KSI0YQ,3
A1JVSIWDF0WT22,3
A5UMUVEV1RUS9,3
A3GKMQFL05Z79K,3
AO3JW5VHT2GQ,3
A3Q04XXGGED746,3
A38N7SFDOB3MR3,3
A1HMBIRR0RJ1NI,3
A38UBVJEV1LLS7,3
A3UA046AA3DXFD,3
A30A5I8FG82M2E,3
ATXL536YX71TR,3
A2VD2D1QHCMF9Q,3
A25QJBK33C4O0R,3
A28WJUJF6D2ULA,3
A2HJB9J5O5CLPB,3
AS6SH2JM2YY3H,3
AHL35XZ3OND2Z,3
A1TOH8S8I1VT9R,3
AN9J46667D80O,3
A3AOKQCH0YBZDS,3
A5KJVGJ43ZDC9,3
A25AXWGBGJ5KBS,3
A2WE94927YC3KI,3
A1XT8AJB7S9JJG,3
A3EAU736LWTDCE,3
A1LVZOK9F7K4CN,3
A2FFYQZPUGOX58,3
A2XGJ56VCFOKKZ,3
AD2BIAIH78QI5,3
A2GCHG6U8HTVIT,3
A2PMQH87R1H3QU,3
A2II09GQGWOMTQ,3
A3NIQK6ZLYEP1L,3
A39W3263A9HCMN,3
A2E3F04ZK7FG66,3
A22BPC7LRSGSYQ,3
A29E6IO3DZG6IY,3
APQ8N1UKS1RDC,3
A34VV92TSLC37R,3
A1KP0IVWU0RQ0A,3
A1EZMV5DSWU8TU,3
A3D6TFYRMIV3ZL,3
A91LE0MPYE8GJ,3
A1D3XQC2DIT,3
A293HA28PN3VO4,3
A1R2URG8OHNEDS,3
A2YCG57S65QXUU,3
AVT9Q9PTUCDMR,3
A3IDMLOWLHWNDJ,3
A2FBIF1FKBC193,3
AJRFZ0VZ0LD26,3
A2XXV9HF169LCF,3
A2B3Z2QHW3V35S,3
A1TKM36EYEQNSM,3
A17D77DFID0GZG,3
AF3X7J0XC391L,3
A1EBJ93E1T50RT,3
A1K94LXX833JTT,3
A2ARRAMXWT83PT,3
ABH4G7TVI6G2T,3
A38YUU4J5Q4EJO,3
A1P98DMX8YUSNW,3
A37DLVPKJZGSQF,3
A1H4NFXAJQRQ2K,3
A31D8QKJXU93BT,3
A1COG8T9MPP3KA,3
A3BSS2M2DPPV4T,3
A2UYAFQ40U2PHS,3
A1435P5AMCPB3X,3
A1DTCJV6KOMJOA,3
ASHT96DUVMF1S,3
A1F2EYORWOZ3G1,3
A2OLJM7IREKPWZ,3
A2ASEBCEN9ZWTZ,3
A3IMNZSYDOTTU6,3
A2OXDJP1Z3LNOK,3
A8F2AZWB20X1H,3
A3O5T5VAQ3TD17,3
AZ78HT7H9DVJG,3
A3LH77PBDFEO3F,3
A19V0VJMKKRMC8,3
A28ILXH590CMRJ,3
A26R4PDCZX5SOK,3
A1X1CEGHTHMBL1,3
A2RHV42BTJSVON,3
AQI2CW6UKF1ES,3
A2JYIDH7JIG48H,3
A3VI2VETB90ZG5,3
A1M9DQDGE07Q0U,3
A3E5OY3YLZMOA9,3
A18SDN3HYFVH2L,3
A3D6OI36USYOU1,3
A35XMSURGM0L1N,3
A1NV8HZTGKIPXQ,3
A2LXG7XUQNZO6E,3
AGKPTMTR3UX1R,3
AB0W9GTNGHSI3,3
A138826JMC0J3T,3
A13DQTXG02HZC1,3
A2X6GEC6LCDN4S,3
A3ICDLUQ3V2QY2,3
A2MNMZMM6BGLTA,3
A5OD2CTWK2EBA,3
A34XPZS5DXA6HA,3
AAI57M3OXP5NK,3
A2TWIZ33KJCQ54,3
A77184QJM3PM,3
AY69ZK7G6CNYJ,3
A2FEJIORC1MBG3,3
A185QFJRTB5W93,3
A2T2MYZEB81NOQ,3
A1B8HI3VREI1H3,3
AOXL514GEE4AA,3
AJD9EA658HCFW,3
A6VFFRIHAXKRL,3
A2V3P1XE33NYC3,3
AE9V37MS6QY8D,3
A2KB14WCZ1DVE3,3
A2P2JXU9JEYNV3,3
A2C27IQUH9N1Z,3
A1ZTE3K3EN4TS3,3
A17BT73RVRQYSP,3
A1FS9R0JXHLHEG,3
A2KG8WLR1AKO12,3
A1N49TOJZFG48H,3
ARYSE5JQ3AG7L,3
A2C5LA07JCDWTN,3
A3S9887MZFNNH1,4
A1OBJ2263JCK5,4
A2ZE73RFY0GD3K,4
APW72P4COWTBK,4
A18CMGIQZ1OAA2,4
A4SY5RCGC5CH9,4
AO461REE0KA4J,4
AXV9GS0TMSVW,4
A1FFPPPIOSI36M,4
A3N8RZSXKN1OR2,4
A3M3FG82ZE1J8I,4
A29COAL60SB48B,4
A2BZ7MYTSNYMEW,4
A15YPJLKLZS0MK,4
A1RECBDKHVOJMW,4
AUUH6Z8MSGGF,4
AYZLXLVMJGTJV,4
AS558SNWF1DXG,4
A192KEPM0HW6AC,4
AU25GMX57XBVO,4
A3GN9I0UYV08LC,4
A21VGNU5959O85,4
ASJ54MITON1NO,4
A3CFT5LHFCB46K,4
A26JGAM6GZMM4V,4
AW1493ZQTQ2ET,4
A2JDYUSI2RILEB,4
APP5MBH2BSX6I,4
A3OI841P5R6FCH,4
A3EZHMGGWY74HY,4
A2EENLV6OQ3DYM,4
A1G5Q9HBN0EGDV,4
A3572FTYUQQW3P,4
AJLYAY1G5Z8GE,4
A1YHKSTVSYEYTU,4
A9Q28YTLYREO7,4
AEMZRE6QYVQBS,4
A17O7AGDZPOJSS,4
A328547P5BGZC,4
A3DE1IYJGU5HPW,4
A3N0LBOUQAD1BG,4
A3ADUOVTY3TIRU,4
A1Y87E22UVYCE6,4
A3TUQ1JB7ZZNZG,4
A1I7GHG2XNYO3J,4
AKT8TGIT6VVZ5,4
A2BEU7GPGNIG44,4
A1GPGBHBI6T2HJ,4
A3J5V2GMXMOGCI,4
A3NL1KW56O3JR8,4
AZSN1TO0JI87B,4
A3AY3EV2MFRFGG,4
A3NLH4A3XP4WA5,4
AKMEY1BSHSDG7,4
A5WMBIOGE8Q6N,4
AAU7CAQIN5BAE,4
A1845IJB63D5H7,4
A1K0UT3GA4QQG5,4
A2GPN2VKS8E77C,4
ACKDSX71VI5HY,4
A2LSRBVD2MK3PL,4
A3GKOMCQTTWPUI,4
ACIBQ6BQ6AWEV,4
A37S3ACL57LN62,4
A3DWUM6SN3N3NR,4
ATOSQVSOA3D8Q,4
AIFXFHO2N9WJB,4
A3AUECYM0M0YSX,4
A2E3IB2ZHJ7QXJ,4
A3KL7NXOAGKD3U,4
A2M1N8G4W4END8,4
AXOS8IWBXNZGT,4
A1KMG1AIUS00DC,4
AE42JLYPXUI45,4
A24KZBAAUTC83R,4
AW003H7Z3OCHA,4
A13KXWTN0DT878,4
A3P121GNV5QYIN,4
A281NPSIMI1C2R,4
A84UFSF2SZS2W,4
A1OBPHRXHZF8P6,4
AK6UVFSU07NXH,4
A1B350OHYHQTGX,4
A32XK1ZCXM66OT,4
A3VIOCJZ22JZXT,4
A3UCNXHX2PB3KQ,4
A34ZAYTNP67S83,4
A4F8CJ1L4348V,4
A2WX1UESDOLXRE,4
A2I7ZAB04Q0DML,4
A18M68DE1Y6W51,4
A2F3M93RRLFQNJ,4
A2PN7Z2VTHICL8,4
APRZ2IVM8JTLV,4
AYSIGFYKISNHB,4
A2D9IEFJGB483Q,4
A2YAABMT80RLYA,4
A3DGVB3T5QJNRE,4
ACMAUJEBY6GJF,4
AATKF0HDBQL86,4
A37B3O457INKEA,4
AK0CENM3LUM28,4
AT7W1EXT0PF2Y,4
A7Y6AVS576M03,4
A928WN8NV03WZ,4
AK81WLVD5KGUX,4
A29Y34ALWJUGB5,4
A1CIW2OEVAJRM2,4
A3L2U581LL17EB,4
AUEHG0DB54B7K,4
A1XX5797TIZT5Q,4
A2UUP58XPQW3GF,4
AK1OBVI54SY73,4
A1FNES0QEBJZD1,4
A1G9FX1KV45N41,4
A2198FZZMTJ38H,4
A1IO3LVYV5ZMK8,4
A2SNUORW55MZWO,4
A2FEGRJQNU51P9,4
AQ990HW13DP08,4
A175GIISFGGO31,4
A3VLX5Z090RQ0V,4
A1N0LCPR7O7OLL,4
A2VD3CYOEMJ6SR,4
A1VTV7GXWSGJ3E,4
ALWB64XOXNMDP,4
A20DZX38KRBIT8,4
A2GMUNBN9HKRZS,4
A2UW83R0JOZZ6,4
A33TBHM3O9AY17,4
AB2AQMK9PCWWX,4
A3F9VH8916IA40,4
A1EI65WJC85U68,4
A26O0T192IBKY1,4
A284WUQS94AQ7A,4
A1XJOSJN6FHFO0,4
A1A69DJ2KPU4CH,4
A1KZQ5DIX0YUE1,4
A2ZGVH5DNCK8I4,4
A20568D9GRC08W,4
A3TNM3C9ENUCFW,4
AB1UMC7SB9D7Z,4
A2CK0VXUDVXGMN,4
AESY8NCX6VS6O,4
A25PM9JGHPU8EI,4
A2B7BUH8834Y6M,4
A2NX5UZ6WEZF0R,4
AMIOLJHCQHGBE,4
AZQ7O73EAS3VI,4
A30LMTLC9XVWKJ,4
A2U0DKQPZSD50Y,4
A2JXAQ92WYPAAR,4
A294DWRBQUOIK4,4
A1Z1NQJUJQ5CRO,4
A8DI0COTCMRDV,4
A356HRZZFCEGL1,4
A1KFBAPAKMEQUF,4
A1UOTG037037XY,4
A5X1B2HBQUR3P,4
A24F1UX8ZT5IXY,4
A30IP5D5DLHRPA,4
ASEBX8TBYWQWA,4
A1KT1GWCW8F80,4
A2ULSA0IRUE09E,4
A2CT2SA6KFE8GC,4
A3MQ672FYFNM7B,4
A8X8D4BUY5DFU,4
A16KRCLLTHSB5F,4
A3N3SN2DDD4HCJ,4
AVQJD41PLPOOQ,4
A2ZLROGIL2V7GV,4
A2XMBWQL0LGNJD,4
A3USRUCHAOC3MT,4
A1S8AJIUIO6M9K,4
A33PNAQ33DGBJG,4
AOYTQFRLD8VLP,4
A146H6A41B26QT,4
AQ8DU6XVA3USJ,4
A2PIX2K56IZZYX,4
A1EFS5PV3HOFDI,4
A3NKFB39AIEN8W,4
A2HJZ2KN9YA9L2,4
A2D0PJFW2VY8G,4
A3OH101U0CPUC7,4
A3BJDFGSLXFB36,4
A15Q7ABIU9O9YZ,4
A1POFVVXUZR3IQ,4
A3O536E2YOKK4Y,4
A2SRZQU1SZG4RR,4
A2WB4OWBUH2VQX,4
A32K4BV5DFG3KP,4
A3AP6H48QHX8BR,4
A3K8TYU7UOUTR0,4
AW3VZ5O895LRK,4
A51IK68MWKV5R,4
A2MS6UV7ZGTMLR,4
A27P0MW8TE1JQP,4
AHF97M45JFCB,4
A1E0RPGCXS4L2G,4
A32T2H8150OJLU,4
A16QJ649N8PRV,4
A3NQI2JLNPFOF8,4
A1BA72K4VK1UN1,4
AYWSFRCIMOAYE,4
AHIK7BUXFRMT8,4
AGZVS6M8XJGN6,4
A2BFIYZYNK54QX,4
A2C21DQ4FQARGV,4
A1C9GCHR99WX3F,4
AGRR05FH945HR,4
AR37967IAR6ZT,4
A1AXHNRDJEQ0B,4
A1DRKVXO300RUE,4
A2UZLIH3BSGJ3N,4
A155X6KYOPQEZ5,4
A6DOCZ10B7JAJ,4
A2EGK0YRDF4ZZB,4
A23L2BR07AOBG1,4
ADLVFFE4VBT8,4
A1PW6G3EFXCLFJ,4
A2VE83MZF98ITY,4
A3I69IXPTDVKQF,4
AUGABW5AS2OXM,4
A27NTH2Y9DAR31,4
A15MLF38WROSWU,4
A2NZAGMAS7N5ZP,4
A2BSZPRBKYAB2K,4
A3FL6CIO8QIJ2F,4
A2L7WYA5OENV03,4
A2MUD2VY9HWFXQ,4
A2E9TRM8096BXU,4
A2ZB8B7VQONZA6,4
A17N23WXA7EAF,4
A8S11VP9Z36D6,4
A3IE0P2JMWW0H7,4
A2CZPM110DW516,4
A1COQ2DOO1O9HD,4
A13OMT8D4GPIBV,4
A10C5CJK1YKGV0,4
A2LBG01YBSUP96,4
AYG1U47VFZ165,4
A6FIAB28IS79,4
A2DAHERP7HYJGO,4
A29IYGR7SNPRIV,4
A3O2RCKAMSE9X7,4
A3LU79BYMWZEW9,4
A20IIR0422G3A5,4
ATQTE464YAZM1,4
AZAEJB1ECT9HC,4
A2VUP5US1F5HG5,4
A1KAR9G699RM56,4
A23XVF23C7BHP0,4
A3FY3H6F4249E0,4
A1P6NRWDD1NT4B,4
A25KKXUQQ0OLWB,4
A1HS9F7J51E9CB,4
A1F1FOR46702YF,4
A5DIAZ5GT3MC,4
ATZ1LTONGHOP6,4
ACVFTS9X2MKJ8,4
A120GIT50UISJP,4
AYUFQY3XG4ZBR,4
A3SU3TXON36T0X,4
A3K5IMGDCDBCNF,4
A2O97GKCSISM3F,4
A2CW9IQAPFEYLM,4
A1E15WYG9C47X1,4
A3MCQSIBV7QW8Q,4
AT2BYFEVLVITT,4
A1R2ONSLAI3M2X,4
A3R2YB0WTTB0IJ,4
A13TO1ZFAH9SVN,4
A1YVDY3TISDRE1,4
A1JV4QKTEB7QBL,4
AUSATFDSU2INS,4
AIBRTGBN07D6A,4
AK61LQI92GTCH,4
A1GSR7RGCG1QYZ,4
A244CRJ2QSVLZ4,4
A1AFXJ8U72MD6L,4
A3A4WQL80WOTMH,4
A1T17LMQABMBN5,4
A34K8D262NZQJF,4
A1MX6D3JK6IKDW,4
A3II1ACACC5MTX,4
A2UQIIJ2CD8REE,4
A3T0OTH5072YRE,4
ALLIGF5OZM1I6,4
A3JZ5L52FM318H,4
A3EOYN87MMNHL1,4
A2TDK8D4HEMUYW,4
A1NSUJJCG73IRF,4
A2Z9FXHC1L66EW,4
A3Q4XAQXKKV6V,4
A3QZXDBATXFNZX,4
A25CMSI6S7S63C,4
AXFI7TAWD6H6X,4
AGNOPNCN6FHB6,4
A18CRS4FLVH5YW,4
A2NOZB6VZCTOI4,4
A157XTSMJH9XA4,4
A1R8AO9XASQ15C,4
A1ZS82R4RC0I2N,4
A2UX5ABICURKL5,4
ADJBUPS8SJHTC,4
ADS5APY1NKTL4,4
